,name,email
0,Leanne Graham,Sincere@april.biz
1,Ervin Howell,Shanna@melissa.tv
2,Clementine Bauch,Nathan@yesenia.net
3,Patricia Lebsack,Julianne.OConner@kory.org
4,Chelsey Dietrich,Lucio_Hettinger@annie.ca
5,Mrs. Dennis Schulist,Karley_Dach@jasper.info
6,Kurtis Weissnat,Telly.Hoeger@billy.biz
7,Nicholas Runolfsdottir V,Sherwood@rosamond.me
8,Glenna Reichert,Chaim_McDermott@dana.io
9,Clementina DuBuque,Rey.Padberg@karina.biz
10,Leanne Graham,Sincere@april.biz
11,Ervin Howell,Shanna@melissa.tv
12,Clementine Bauch,Nathan@yesenia.net
13,Patricia Lebsack,Julianne.OConner@kory.org
14,Chelsey Dietrich,Lucio_Hettinger@annie.ca
15,Mrs. Dennis Schulist,Karley_Dach@jasper.info
16,Kurtis Weissnat,Telly.Hoeger@billy.biz
17,Nicholas Runolfsdottir V,Sherwood@rosamond.me
18,Glenna Reichert,Chaim_McDermott@dana.io
19,Clementina DuBuque,Rey.Padberg@karina.biz
20,Leanne Graham,Sincere@april.biz
21,Ervin Howell,Shanna@melissa.tv
22,Clementine Bauch,Nathan@yesenia.net
23,Patricia Lebsack,Julianne.OConner@kory.org
24,Chelsey Dietrich,Lucio_Hettinger@annie.ca
25,Mrs. Dennis Schulist,Karley_Dach@jasper.info
26,Kurtis Weissnat,Telly.Hoeger@billy.biz
27,Nicholas Runolfsdottir V,Sherwood@rosamond.me
28,Glenna Reichert,Chaim_McDermott@dana.io
29,Clementina DuBuque,Rey.Padberg@karina.biz
30,Leanne Graham,Sincere@april.biz
31,Ervin Howell,Shanna@melissa.tv
32,Clementine Bauch,Nathan@yesenia.net
33,Patricia Lebsack,Julianne.OConner@kory.org
34,Chelsey Dietrich,Lucio_Hettinger@annie.ca
35,Mrs. Dennis Schulist,Karley_Dach@jasper.info
36,Kurtis Weissnat,Telly.Hoeger@billy.biz
37,Nicholas Runolfsdottir V,Sherwood@rosamond.me
38,Glenna Reichert,Chaim_McDermott@dana.io
39,Clementina DuBuque,Rey.Padberg@karina.biz
40,Leanne Graham,Sincere@april.biz
41,Ervin Howell,Shanna@melissa.tv
42,Clementine Bauch,Nathan@yesenia.net
43,Patricia Lebsack,Julianne.OConner@kory.org
44,Chelsey Dietrich,Lucio_Hettinger@annie.ca
45,Mrs. Dennis Schulist,Karley_Dach@jasper.info
46,Kurtis Weissnat,Telly.Hoeger@billy.biz
47,Nicholas Runolfsdottir V,Sherwood@rosamond.me
48,Glenna Reichert,Chaim_McDermott@dana.io
49,Clementina DuBuque,Rey.Padberg@karina.biz
50,Leanne Graham,Sincere@april.biz
51,Ervin Howell,Shanna@melissa.tv
52,Clementine Bauch,Nathan@yesenia.net
53,Patricia Lebsack,Julianne.OConner@kory.org
54,Chelsey Dietrich,Lucio_Hettinger@annie.ca
55,Mrs. Dennis Schulist,Karley_Dach@jasper.info
56,Kurtis Weissnat,Telly.Hoeger@billy.biz
57,Nicholas Runolfsdottir V,Sherwood@rosamond.me
58,Glenna Reichert,Chaim_McDermott@dana.io
59,Clementina DuBuque,Rey.Padberg@karina.biz
